"_time","metric_name:cpu.usr","metric_name:cpu.sys","metric_name:cpu.idle","dc","host"
"1608639556",3.00,1.20,1.10,"east","host3.splunk.com"
"1608725956",1.80,1.20,1.50,"north","host2.splunk.com"
"1608812356",1.40,2.90,1.20,"east","host1.splunk.com"
"1608898756",2.60,1.30,1.40,"south","host1.splunk.com"
"1608985156",2.20,2.60,1.70,"north","host2.splunk.com"
"1609071556",1.40,1.00,2.40,"north","host2.splunk.com"
"1609157956",2.10,2.70,2.20,"east","host3.splunk.com"
"1609244356",1.80,1.80,2.10,"east","host3.splunk.com"
"1609330756",3.00,2.20,1.30,"north","host2.splunk.com"
"1609417156",2.60,2.80,1.00,"south","host3.splunk.com"
