"metric_timestamp","metric_name","_value","dc","host"
"1608639548","cpu.usr",2.00,"south","host2.splunk.com"
"1608725948","cpu.usr",2.20,"west","host3.splunk.com"
"1608812348","cpu.usr",2.50,"east","host3.splunk.com"
"1608898748","cpu.idle",1.60,"north","host3.splunk.com"
"1608985148","cpu.sys",1.20,"north","host2.splunk.com"
"1609071548","cpu.sys",2.80,"east","host3.splunk.com"
"1609157948","cpu.idle",1.60,"north","host2.splunk.com"
"1609244348","cpu.sys",1.20,"north","host2.splunk.com"
"1609330748","cpu.usr",2.30,"east","host1.splunk.com"
"1609417148","cpu.sys",1.00,"south","host3.splunk.com"
